{
"hi":"https://github.com/Malaka-KG/MALAKA-MD/raw/refs/heads/main/autovoice/.HIQUEEN-ALFHA.mp3",
"mk":"https://github.com/Malaka-KG/MALAKA-MD/raw/refs/heads/main/autovoice/mk-malaka.aac",
"gm":"https://github.com/Malaka-KG/MALAKA-MD/raw/refs/heads/main/autovoice/GM.aac",
"good morning":"https://github.com/Malaka-KG/MALAKA-MD/raw/refs/heads/main/autovoice/good%20night.mp3",
"gn":"https://github.com/Malaka-KG/MALAKA-MD/raw/refs/heads/main/autovoice/gn.aac",
"hm":"https://github.com/Malaka-KG/MALAKA-MD/raw/refs/heads/main/autovoice/hm.aac",
"mm":"https://github.com/Malaka-KG/MALAKA-MD/raw/refs/heads/main/autovoice/mm-malaka.mp3",
"oya kawada":"https://github.com/Malaka-KG/MALAKA-MD/raw/refs/heads/main/autovoice/Oya%20kawada.mp3",
"kawada":"https://github.com/Malaka-KG/MALAKA-MD/raw/refs/heads/main/autovoice/Kawa.mp3",
"puca":"https://github.com/Malaka-KG/MALAKA-MD/raw/refs/heads/main/autovoice/puca.aac",
"I love you":"https://github.com/Malaka-KG/MALAKA-MD/raw/refs/heads/main/autovoice/I%20love%20you-malaka-md.m4a",
"love":"https://github.com/Malaka-KG/MALAKA-MD/raw/refs/heads/main/autovoice/I%20love%20you-malaka-md.m4a",
"pako":"https://github.com/Malaka-KG/MALAKA-MD/raw/refs/heads/main/autovoice/pako.m4a",
"ponnaya":"https://github.com/Malaka-KG/MALAKA-MD/raw/refs/heads/main/autovoice/ponnaya.aac",
".alive":"https://github.com/Malaka-KG/MALAKA-MD/raw/refs/heads/main/autovoice/alive-malaka.mp3"
}
